,CarName,fueltype,aspiration,drivewheel,enginelocation,wheelbase,carlength,carwidth,carheight,curbweight,cylindernumber,enginesize,fuelsystem,boreratio,horsepower,citympg,highwaympg,CarPrice
0,0.8695652173913043,1.0,0.0,1.0,0.0,0.23032069970845503,0.4119402985074627,0.30833333333333357,0.3999999999999999,0.2777346780449961,0.2,0.139622641509434,0.14285714285714285,0.4642857142857142,0.09166666666666667,0.44444444444444436,0.4736842105263157,3.915821787620399
1,0.4347826086956522,1.0,0.0,1.0,0.0,0.5335276967930032,0.5059701492537312,0.4833333333333334,0.5500000000000003,0.45849495733126444,0.2,0.2981132075471698,0.7142857142857142,0.8714285714285712,0.3,0.16666666666666669,0.2894736842105263,4.261976191397813
2,0.8695652173913043,1.0,0.0,0.5,0.0,0.46064139941691007,0.5149253731343282,0.5166666666666666,0.5083333333333333,0.35919317300232734,0.2,0.23018867924528302,0.7142857142857142,0.55,0.1833333333333333,0.3888888888888889,0.42105263157894735,3.99947853367931
3,0.13043478260869565,1.0,0.0,1.0,0.0,1.0,1.0,0.9500000000000002,0.7416666666666667,0.9356089992242047,0.6000000000000001,0.9320754716981132,0.7142857142857142,0.9000000000000001,0.5666666666666667,0.027777777777777735,0.0,4.612359947967774
4,0.8695652173913043,1.0,0.0,0.5,0.0,0.26530612244897966,0.26268656716417915,0.27500000000000036,0.5583333333333331,0.20442203258339797,0.2,0.11698113207547167,0.14285714285714285,0.3642857142857141,0.05833333333333329,0.49999999999999994,0.5789473684210527,3.8121108412030997
5,0.17391304347826086,1.0,0.0,0.5,0.0,0.05247813411078761,0.0,0.0,0.4500000000000006,0.0,0.10000000000000003,0.0,0.14285714285714285,0.26428571428571446,0.0,0.9444444444444444,0.9736842105263157,3.711891549880579
6,0.5217391304347826,1.0,1.0,0.5,0.0,0.2711370262390673,0.4791044776119402,0.5,0.20000000000000062,0.5217222653219551,0.2,0.3584905660377358,0.8571428571428572,0.7428571428571431,0.4041666666666666,0.16666666666666669,0.21052631578947367,4.101368963249251
7,0.5217391304347826,1.0,0.0,0.5,0.0,0.2827988338192422,0.46716417910447783,0.4250000000000007,0.3166666666666669,0.3557020946470132,0.2,0.23018867924528302,0.14285714285714285,0.5785714285714285,0.16666666666666663,0.3333333333333333,0.42105263157894735,3.9132308711135604
8,0.8260869565217391,1.0,0.0,0.5,0.0,0.3090379008746358,0.4611940298507462,0.4250000000000007,0.39166666666666705,0.33048875096974395,0.2,0.17735849056603775,0.7142857142857142,0.7714285714285716,0.19166666666666665,0.3611111111111111,0.42105263157894735,3.998259338423699
9,0.4347826086956522,1.0,0.0,0.5,0.0,0.3556851311953353,0.5477611940298508,0.5166666666666666,0.641666666666667,0.3576415826221877,0.2,0.23018867924528302,0.14285714285714285,0.6071428571428574,0.14999999999999997,0.3611111111111111,0.42105263157894735,3.9291633832050645
10,0.5652173913043479,1.0,0.0,0.5,0.0,0.40233236151603524,0.6059701492537313,0.5166666666666666,0.6083333333333338,0.6233514352211016,0.4000000000000001,0.45283018867924524,0.7142857142857142,0.6357142857142859,0.4333333333333333,0.1111111111111111,0.1578947368421053,4.130301597341845
11,0.5652173913043479,1.0,0.0,0.5,0.0,0.24781341107871713,0.31791044776119426,0.29166666666666696,0.4583333333333335,0.20170674941815359,0.2,0.1358490566037736,0.14285714285714285,0.4357142857142857,0.08749999999999997,0.49999999999999994,0.5526315789473684,3.916401303603876
12,0.26086956521739135,1.0,0.0,0.5,0.0,0.0,0.052238805970149294,0.2999999999999998,0.24999999999999956,0.08727695888285492,0.2,0.11698113207547167,0.0,0.26428571428571446,0.04166666666666666,0.9999999999999998,1.0,3.811507979945327
13,0.21739130434782608,1.0,0.0,0.5,0.0,0.20699708454810528,0.2417910447761198,0.29166666666666696,0.23333333333333384,0.1943366951124903,0.2,0.10943396226415092,0.14285714285714285,0.30714285714285716,0.08333333333333331,0.49999999999999994,0.5789473684210527,3.825555932290357
14,0.08695652173913043,1.0,0.0,1.0,0.0,0.49271137026239087,0.7865671641791048,0.6333333333333337,0.4916666666666667,0.7339022498060512,0.4000000000000001,0.558490566037736,0.7142857142857142,0.7714285714285716,0.5583333333333333,0.08333333333333331,0.1578947368421053,4.616107757092463
15,0.8695652173913043,1.0,0.0,1.0,0.0,0.34402332361516086,0.5238805970149252,0.44166666666666643,0.3500000000000001,0.40651667959658644,0.2,0.32075471698113206,0.7142857142857142,0.7714285714285716,0.2833333333333333,0.3055555555555555,0.368421052631579,3.9840319802711806
16,0.9565217391304348,1.0,0.0,1.0,0.0,0.5160349854227406,0.711940298507463,0.5750000000000002,0.8083333333333331,0.5996896819239721,0.2,0.3018867924528302,0.7142857142857142,0.8857142857142855,0.27499999999999997,0.27777777777777773,0.3157894736842105,4.127590677007958
17,0.5652173913043479,1.0,0.0,0.5,0.0,0.23032069970845503,0.4343283582089552,0.29166666666666696,0.4750000000000001,0.212955779674166,0.2,0.1358490566037736,0.14285714285714285,0.4357142857142857,0.08749999999999997,0.49999999999999994,0.5526315789473684,3.903035696788497
18,0.9565217391304348,1.0,0.0,1.0,0.0,0.5160349854227406,0.711940298507463,0.5750000000000002,0.7000000000000006,0.5523661753297129,0.2,0.3018867924528302,0.7142857142857142,0.8857142857142855,0.27499999999999997,0.27777777777777773,0.3157894736842105,4.111934276332682
19,0.13043478260869565,0.0,1.0,1.0,0.0,0.6822157434402332,0.7432835820895525,0.833333333333333,0.7250000000000001,0.7862684251357641,0.3,0.460377358490566,0.42857142857142855,0.7428571428571431,0.31249999999999994,0.24999999999999994,0.23684210526315785,4.407424898794408
20,0.6521739130434783,1.0,0.0,0.5,0.0,0.20699708454810528,0.2417910447761198,0.29166666666666696,0.23333333333333384,0.18580294802172226,0.2,0.10943396226415092,0.14285714285714285,0.30714285714285716,0.08333333333333331,0.49999999999999994,0.5789473684210527,3.794418330874141
21,0.8695652173913043,1.0,0.0,0.0,0.0,0.26530612244897966,0.4268656716417909,0.27500000000000036,0.9416666666666669,0.3110938712179985,0.2,0.11698113207547167,0.14285714285714285,0.3642857142857141,0.05833333333333329,0.3888888888888889,0.42105263157894735,3.8975171294005255
22,0.9565217391304348,1.0,0.0,1.0,0.0,0.6559766763848396,0.711940298507463,0.7166666666666677,0.641666666666667,0.591155934833204,0.4000000000000001,0.4226415094339622,0.7142857142857142,0.7428571428571431,0.35833333333333334,0.1388888888888889,0.1842105263157895,4.332135358019922
23,0.5217391304347826,1.0,1.0,0.5,0.0,0.18658892128279891,0.2417910447761198,0.29166666666666696,0.24999999999999956,0.25484871993793634,0.2,0.139622641509434,0.8571428571428572,0.34999999999999987,0.22499999999999998,0.3055555555555555,0.368421052631579,3.8858698609039064
24,0.13043478260869565,0.0,1.0,1.0,0.0,0.5860058309037903,0.6925373134328359,0.833333333333333,0.5916666666666663,0.7785104732350658,0.3,0.460377358490566,0.42857142857142855,0.7428571428571431,0.31249999999999994,0.24999999999999994,0.23684210526315785,4.449879338623202
25,0.8260869565217391,1.0,1.0,0.0,0.0,0.3032069970845481,0.4611940298507462,0.4250000000000007,0.5416666666666665,0.39643134212567877,0.2,0.17735849056603775,0.7142857142857142,0.7714285714285716,0.26249999999999996,0.3055555555555555,0.3421052631578947,4.0514998191327445
26,0.4347826086956522,1.0,0.0,1.0,0.0,0.2536443148688048,0.4164179104477612,0.4500000000000002,0.1499999999999999,0.3460046547711404,0.0,0.03396226415094339,0.2857142857142857,0.5642857142857143,0.22083333333333333,0.1111111111111111,0.1842105263157895,4.0392157659039505
27,0.30434782608695654,1.0,0.0,0.5,0.0,0.23032069970845503,0.22089552238805998,0.27500000000000036,0.3500000000000001,0.1633048875096974,0.2,0.10943396226415092,0.14285714285714285,0.34999999999999987,0.09166666666666667,0.6944444444444444,0.7105263157894737,3.9501944139078504
28,0.5217391304347826,1.0,1.0,0.5,0.0,0.2711370262390673,0.4791044776119402,0.5,0.20000000000000062,0.5577967416602017,0.2,0.3584905660377358,0.8571428571428572,0.7499999999999998,0.4041666666666666,0.16666666666666669,0.21052631578947367,4.161038412422962
29,0.8260869565217391,1.0,0.0,0.5,0.0,0.3032069970845481,0.4835820895522387,0.4250000000000007,0.4333333333333331,0.3110938712179985,0.2,0.17735849056603775,0.14285714285714285,0.7714285714285716,0.14166666666666666,0.4166666666666666,0.42105263157894735,3.8729134416203954
30,0.4347826086956522,0.0,0.0,1.0,0.0,0.5335276967930032,0.5059701492537312,0.4833333333333334,0.5500000000000003,0.47013188518231197,0.2,0.27547169811320754,0.42857142857142855,0.6357142857142859,0.09999999999999998,0.49999999999999994,0.6052631578947367,4.2634940417218825
31,0.6086956521739131,1.0,0.0,1.0,0.0,0.620991253644315,0.6805970149253731,0.6750000000000007,0.7416666666666667,0.6155934833204033,0.2,0.22264150943396227,0.7142857142857142,0.6571428571428573,0.1958333333333333,0.16666666666666669,0.21052631578947367,4.192567453336546
32,0.8695652173913043,1.0,0.0,0.5,0.0,0.26530612244897966,0.4268656716417909,0.27500000000000036,0.9416666666666669,0.30721489526764933,0.2,0.11698113207547167,0.14285714285714285,0.3642857142857141,0.05833333333333329,0.49999999999999994,0.5526315789473684,3.839980557678343
33,0.5652173913043479,1.0,0.0,0.5,0.0,0.23032069970845503,0.36119402985074656,0.29166666666666696,0.5583333333333331,0.1873545384018619,0.2,0.1358490566037736,0.14285714285714285,0.4357142857142857,0.08749999999999997,0.49999999999999994,0.5526315789473684,3.8750033536000412
34,0.26086956521739135,1.0,0.0,0.5,0.0,0.2886297376093294,0.39402985074626873,0.4083333333333341,0.4583333333333335,0.3107059736229635,0.2,0.1849056603773585,0.0,0.4357142857142857,0.15833333333333333,0.3888888888888889,0.4473684210526315,3.9588027033995026
35,0.21739130434782608,1.0,0.0,0.5,0.0,0.20699708454810528,0.2417910447761198,0.29166666666666696,0.23333333333333384,0.18580294802172226,0.2,0.10943396226415092,0.14285714285714285,0.30714285714285716,0.08333333333333331,0.49999999999999994,0.5789473684210527,3.794418330874141
36,0.8260869565217391,1.0,0.0,0.5,0.0,0.20699708454810528,0.25074626865671634,0.27500000000000036,0.4916666666666667,0.24515128006206366,0.2,0.17735849056603775,0.14285714285714285,0.7714285714285716,0.10416666666666663,0.3611111111111111,0.39473684210526316,3.848373883844602
37,0.6086956521739131,0.0,1.0,1.0,0.0,0.620991253644315,0.6805970149253731,0.6750000000000007,0.7416666666666667,0.6842513576415825,0.2,0.3433962264150943,0.42857142857142855,0.828571428571429,0.1958333333333333,0.4166666666666666,0.4473684210526315,4.227886704613674
38,0.21739130434782608,1.0,1.0,0.5,0.0,0.2711370262390673,0.4791044776119402,0.5,0.20000000000000062,0.513188518231187,0.2,0.3584905660377358,0.5714285714285714,0.7571428571428573,0.4041666666666666,0.16666666666666669,0.21052631578947367,4.112739022360173
39,0.17391304347826086,1.0,0.0,0.5,0.0,0.23032069970845503,0.22089552238805998,0.27500000000000036,0.3500000000000001,0.14972847168347558,0.2,0.10943396226415092,0.14285714285714285,0.34999999999999987,0.09166666666666667,0.6944444444444444,0.7105263157894737,3.7989957344438814
40,0.8695652173913043,1.0,0.0,1.0,0.0,0.47521865889212833,0.6328358208955223,0.6166666666666671,0.3500000000000001,0.5771916214119472,0.4000000000000001,0.4150943396226415,0.7142857142857142,0.5214285714285716,0.47083333333333327,0.19444444444444448,0.21052631578947367,4.21900787825689
41,0.5652173913043479,0.0,0.0,0.5,0.0,0.23032069970845503,0.36119402985074656,0.29166666666666696,0.5583333333333331,0.20519782777346784,0.2,0.15849056603773587,0.42857142857142855,0.32142857142857184,0.029166666666666646,0.8888888888888888,0.894736842105263,3.8511971761741606
42,0.8695652173913043,1.0,0.0,0.5,0.0,0.46064139941691007,0.5149253731343282,0.5166666666666666,0.5916666666666663,0.3250581846392552,0.2,0.23018867924528302,0.7142857142857142,0.55,0.1833333333333333,0.44444444444444436,0.4736842105263157,3.951725975424592
43,0.5652173913043479,1.0,0.0,0.5,0.0,0.23032069970845503,0.4343283582089552,0.29166666666666696,0.4750000000000001,0.20791311093871212,0.2,0.1358490566037736,0.14285714285714285,0.4357142857142857,0.08749999999999997,0.49999999999999994,0.5526315789473684,3.866228247379647
44,0.043478260869565216,1.0,0.0,0.5,0.0,0.3848396501457727,0.5402985074626869,0.5,0.4416666666666669,0.3952676493405741,0.3,0.2830188679245283,0.7142857142857142,0.4642857142857142,0.2583333333333333,0.16666666666666669,0.23684210526315785,4.183269843682805
45,0.8695652173913043,1.0,0.0,1.0,0.0,0.34402332361516086,0.5238805970149252,0.44166666666666643,0.3500000000000001,0.4080682699767262,0.2,0.32075471698113206,0.7142857142857142,0.7714285714285716,0.2833333333333333,0.3055555555555555,0.368421052631579,3.926805310111606
46,0.4347826086956522,1.0,0.0,1.0,0.0,0.2536443148688048,0.4164179104477612,0.4500000000000002,0.1499999999999999,0.3460046547711404,0.0,0.03396226415094339,0.2857142857142857,0.5642857142857143,0.22083333333333333,0.1111111111111111,0.1842105263157895,4.073535065058784
47,0.6956521739130435,1.0,0.0,1.0,1.0,0.08454810495626841,0.41492537313432853,0.3916666666666666,0.3166666666666669,0.5089216446858029,0.4000000000000001,0.5018867924528303,0.7142857142857142,0.8571428571428574,0.6624999999999999,0.1111111111111111,0.23684210526315785,4.568530255057246
48,0.5217391304347826,1.0,0.0,0.5,0.0,0.20699708454810528,0.2417910447761198,0.3416666666666677,0.24999999999999956,0.16679596586501166,0.2,0.11698113207547167,0.14285714285714285,0.30714285714285716,0.08333333333333331,0.6666666666666665,0.6578947368421053,3.7315081835960253
49,0.8260869565217391,1.0,0.0,0.0,0.0,0.3032069970845481,0.4611940298507462,0.4250000000000007,0.5416666666666665,0.3479441427463149,0.2,0.17735849056603775,0.14285714285714285,0.7714285714285716,0.14166666666666666,0.3055555555555555,0.23684210526315785,3.965342835560622
50,0.5652173913043479,1.0,0.0,1.0,0.0,0.13702623906705558,0.4417910447761191,0.6333333333333337,0.15833333333333366,0.6140418929402638,0.4000000000000001,0.45283018867924524,0.7142857142857142,0.6357142857142859,0.4666666666666666,0.16666666666666669,0.23684210526315785,4.235503196494338
51,0.8695652173913043,1.0,0.0,0.5,0.0,0.46064139941691007,0.5149253731343282,0.5166666666666666,0.5083333333333333,0.3762606671838634,0.2,0.23018867924528302,0.7142857142857142,0.55,0.1833333333333333,0.3888888888888889,0.42105263157894735,4.051075307675749
52,0.4782608695652174,1.0,1.0,1.0,0.0,0.4693877551020411,0.5567164179104478,0.6416666666666666,0.5833333333333335,0.5515903801396431,0.2,0.2981132075471698,0.7142857142857142,0.8857142857142855,0.5291666666666666,0.16666666666666669,0.21052631578947367,4.217562899669429
53,0.8695652173913043,0.0,1.0,0.5,0.0,0.46064139941691007,0.5149253731343282,0.5166666666666666,0.5916666666666663,0.38479441427463146,0.2,0.1849056603773585,0.42857142857142855,0.5214285714285716,0.10416666666666663,0.47222222222222215,0.4473684210526315,4.029302593558998
54,0.26086956521739135,1.0,0.0,0.5,0.0,0.0,0.052238805970149294,0.2999999999999998,0.24999999999999956,0.12839410395655548,0.2,0.11698113207547167,0.0,0.26428571428571446,0.11666666666666664,0.49999999999999994,0.5789473684210527,3.8360074591255313
55,0.08695652173913043,1.0,0.0,1.0,0.0,0.425655976676385,0.5328358208955226,0.375,0.5416666666666665,0.474010861132661,0.4000000000000001,0.38867924528301884,0.7142857142857142,0.55,0.30416666666666664,0.22222222222222215,0.3157894736842105,4.321598430465344
56,0.26086956521739135,1.0,0.0,0.5,0.0,0.2886297376093294,0.33283582089552244,0.30833333333333357,0.5583333333333331,0.20248254460822346,0.2,0.11698113207547167,0.0,0.26428571428571446,0.11666666666666664,0.47222222222222215,0.4736842105263157,3.86302529622947
57,0.6956521739130435,1.0,0.0,1.0,0.0,0.23032069970845503,0.41492537313432853,0.666666666666667,0.20000000000000062,0.5003878975950349,0.2,0.33962264150943394,0.7142857142857142,1.0000000000000002,0.3958333333333333,0.16666666666666669,0.2894736842105263,4.342777867387247
58,0.26086956521739135,1.0,0.0,0.5,0.0,0.2886297376093294,0.4179104477611939,0.47500000000000053,0.26666666666666705,0.3122575640031032,0.2,0.1849056603773585,0.14285714285714285,0.4357142857142857,0.21666666666666667,0.3333333333333333,0.39473684210526316,4.0147304950017535
59,0.8695652173913043,1.0,0.0,0.5,0.0,0.26530612244897966,0.37611940298507474,0.3416666666666677,0.4333333333333331,0.2300232738557021,0.2,0.139622641509434,0.14285714285714285,0.4642857142857142,0.09166666666666667,0.47222222222222215,0.5526315789473684,3.841234295506041
60,0.782608695652174,1.0,1.0,0.5,0.0,0.36443148688046634,0.6791044776119404,0.5166666666666666,0.6916666666666669,0.5120248254460822,0.2,0.22641509433962265,0.7142857142857142,0.7142857142857142,0.4666666666666666,0.16666666666666669,0.26315789473684204,4.258876629372131
61,0.8260869565217391,1.0,0.0,0.0,0.0,0.19533527696792996,0.2417910447761198,0.29166666666666696,0.6583333333333337,0.2916989914662529,0.2,0.17735849056603775,0.14285714285714285,0.7714285714285716,0.10416666666666663,0.3611111111111111,0.39473684210526316,3.8809849904867533
62,0.3913043478260869,1.0,0.0,0.5,0.0,0.18950437317784274,0.26865671641791034,0.3250000000000002,0.5249999999999999,0.15981380915438326,0.2,0.1132075471698113,0.14285714285714285,0.34999999999999987,0.08333333333333331,0.49999999999999994,0.5789473684210527,3.784973709954401
63,0.6086956521739131,1.0,0.0,1.0,0.0,0.80466472303207,0.8626865671641792,0.6750000000000007,0.7416666666666667,0.6970519782777347,0.2,0.22264150943396227,0.7142857142857142,0.6571428571428573,0.1958333333333333,0.16666666666666669,0.21052631578947367,4.222586423390389
64,0.8695652173913043,1.0,0.0,1.0,0.0,0.23032069970845503,0.4119402985074627,0.30833333333333357,0.3999999999999999,0.3149728471683475,0.2,0.139622641509434,0.7142857142857142,0.5000000000000002,0.26666666666666666,0.3611111111111111,0.3421052631578947,3.979457318097848
65,0.26086956521739135,1.0,0.0,0.5,0.0,0.2886297376093294,0.5119402985074628,0.4083333333333341,0.5249999999999999,0.3789759503491078,0.2,0.1849056603773585,0.7142857142857142,0.4357142857142857,0.22083333333333333,0.3055555555555555,0.3157894736842105,4.112102054770891
66,0.6521739130434783,1.0,1.0,1.0,0.0,0.2711370262390673,0.4791044776119402,0.5,0.20000000000000062,0.5159038013964314,0.2,0.3584905660377358,0.8571428571428572,0.7499999999999998,0.4041666666666666,0.16666666666666669,0.21052631578947367,4.105986795521472
67,0.5217391304347826,1.0,0.0,0.5,0.0,0.20699708454810528,0.2417910447761198,0.3416666666666677,0.24999999999999956,0.20015515903801395,0.2,0.11698113207547167,0.14285714285714285,0.30714285714285716,0.08333333333333331,0.49999999999999994,0.5789473684210527,3.824060717418653
68,0.6521739130434783,1.0,1.0,0.5,0.0,0.20699708454810528,0.2417910447761198,0.29166666666666696,0.24999999999999956,0.24825446082234293,0.2,0.139622641509434,0.8571428571428572,0.34999999999999987,0.22499999999999998,0.3055555555555555,0.368421052631579,3.9007493580610797
69,0.21739130434782608,1.0,0.0,0.5,0.0,0.20699708454810528,0.2417910447761198,0.29166666666666696,0.23333333333333384,0.1943366951124903,0.2,0.10943396226415092,0.14285714285714285,0.30714285714285716,0.08333333333333331,0.49999999999999994,0.5789473684210527,3.8813275841005512
70,0.782608695652174,1.0,1.0,0.5,0.0,0.36443148688046634,0.6791044776119404,0.5166666666666666,0.6916666666666669,0.5271528316524436,0.2,0.22641509433962265,0.7142857142857142,0.7142857142857142,0.4666666666666666,0.16666666666666669,0.26315789473684204,4.269979676645324
71,0.9565217391304348,1.0,0.0,1.0,0.0,0.6559766763848396,0.711940298507463,0.7166666666666677,0.641666666666667,0.5678820791311094,0.2,0.3018867924528302,0.7142857142857142,0.8857142857142855,0.27499999999999997,0.27777777777777773,0.3157894736842105,4.226471015317139
72,0.6086956521739131,1.0,1.0,1.0,0.0,0.6239067055393588,0.6805970149253731,0.666666666666667,0.6833333333333331,0.6369278510473235,0.2,0.27547169811320754,0.7142857142857142,0.7642857142857145,0.39166666666666666,0.1388888888888889,0.21052631578947367,4.258876629372131
73,0.0,1.0,0.0,1.0,0.0,0.23032069970845503,0.4492537313432834,0.43333333333333357,0.3833333333333333,0.5178432893716058,0.4000000000000001,0.3433962264150943,0.7142857142857142,0.10000000000000009,0.4416666666666666,0.16666666666666669,0.26315789473684204,4.217483944213907
74,0.5217391304347826,1.0,0.0,0.5,0.0,0.20699708454810528,0.2417910447761198,0.3416666666666677,0.24999999999999956,0.17688130333591934,0.2,0.11698113207547167,0.14285714285714285,0.30714285714285716,0.08333333333333331,0.49999999999999994,0.5789473684210527,3.791620482692814
75,0.30434782608695654,1.0,0.0,1.0,0.0,0.27405247813411115,0.4701492537313432,0.4083333333333341,0.30000000000000027,0.4833204034134988,0.2,0.2188679245283019,1.0,0.6357142857142859,0.175,0.3055555555555555,0.3421052631578947,4.043283665570575
76,0.6521739130434783,1.0,0.0,0.5,0.0,0.20699708454810528,0.39104477611940336,0.29166666666666696,0.24999999999999956,0.2726920093095423,0.2,0.139622641509434,0.14285714285714285,0.30714285714285716,0.08333333333333331,0.49999999999999994,0.5789473684210527,3.8813275841005512
77,0.6956521739130435,1.0,0.0,1.0,1.0,0.08454810495626841,0.41492537313432853,0.3916666666666666,0.3166666666666669,0.49185415050426684,0.4000000000000001,0.5018867924528303,0.7142857142857142,0.8571428571428574,0.6624999999999999,0.1111111111111111,0.23684210526315785,4.531836424132864
78,0.5217391304347826,1.0,0.0,0.5,0.0,0.2827988338192422,0.46716417910447783,0.4250000000000007,0.3166666666666669,0.34018619084561674,0.2,0.23018867924528302,0.14285714285714285,0.5785714285714285,0.16666666666666663,0.3333333333333333,0.42105263157894735,3.8444150404738244
79,0.8260869565217391,1.0,0.0,0.5,0.0,0.20699708454810528,0.23582089552238816,0.25833333333333375,0.4916666666666667,0.2179984484096199,0.2,0.1358490566037736,0.14285714285714285,0.7714285714285716,0.08749999999999997,0.49999999999999994,0.5263157894736842,3.7091002815511667
80,0.26086956521739135,1.0,0.0,0.5,0.0,0.2886297376093294,0.23880597014925353,0.2999999999999998,0.8749999999999996,0.20791311093871212,0.2,0.11698113207547167,0.0,0.2714285714285716,0.11666666666666664,0.47222222222222215,0.4736842105263157,3.86302529622947
81,0.6086956521739131,0.0,1.0,1.0,0.0,0.80466472303207,0.8626865671641792,0.6750000000000007,0.9083333333333337,0.7746314972847168,0.2,0.3433962264150943,0.42857142857142855,0.828571428571429,0.1958333333333333,0.3333333333333333,0.23684210526315785,4.23236071235357
82,0.4347826086956522,1.0,0.0,0.5,0.0,0.3556851311953353,0.5477611940298508,0.5166666666666666,0.4916666666666667,0.3479441427463149,0.2,0.23018867924528302,0.14285714285714285,0.6071428571428574,0.14999999999999997,0.3611111111111111,0.42105263157894735,4.025100961046814
83,0.21739130434782608,1.0,0.0,0.5,0.0,0.20699708454810528,0.2417910447761198,0.29166666666666696,0.24999999999999956,0.15050426687354534,0.2,0.10943396226415092,0.14285714285714285,0.30714285714285716,0.08333333333333331,0.49999999999999994,0.5789473684210527,3.804616416987255
84,0.782608695652174,1.0,0.0,0.5,0.0,0.36443148688046634,0.6791044776119404,0.5166666666666666,0.6916666666666669,0.4926299456943366,0.2,0.22641509433962265,0.7142857142857142,0.7142857142857142,0.2583333333333333,0.22222222222222215,0.3157894736842105,4.190611797813605
85,0.9130434782608696,0.0,1.0,0.5,0.0,0.40233236151603524,0.5835820895522388,0.5500000000000007,0.6083333333333338,0.42319627618308764,0.2,0.1358490566037736,0.42857142857142855,0.33571428571428563,0.08333333333333331,0.5555555555555556,0.5789473684210527,4.141292960081593
86,0.26086956521739135,1.0,0.0,0.5,0.0,0.20699708454810528,0.13283582089552226,0.30833333333333357,0.3999999999999999,0.1753297129557797,0.2,0.11698113207547167,0.0,0.26428571428571446,0.11666666666666664,0.47222222222222215,0.4736842105263157,3.814846668604463
87,0.08695652173913043,1.0,0.0,1.0,0.0,0.425655976676385,0.5328358208955226,0.375,0.5416666666666665,0.35182311869666405,0.2,0.17735849056603775,0.7142857142857142,0.6857142857142857,0.22083333333333333,0.27777777777777773,0.3421052631578947,4.228528677357182
88,0.9565217391304348,1.0,1.0,1.0,0.0,0.5160349854227406,0.711940298507463,0.5750000000000002,0.8083333333333331,0.6474010861132662,0.2,0.26037735849056604,0.7142857142857142,0.7714285714285716,0.47500000000000003,0.1111111111111111,0.1578947368421053,4.277609214304091
89,0.8695652173913043,1.0,0.0,1.0,0.0,0.23032069970845503,0.4119402985074627,0.30833333333333357,0.3999999999999999,0.26415826221877425,0.2,0.139622641509434,0.14285714285714285,0.4642857142857142,0.09166666666666667,0.44444444444444436,0.4736842105263157,3.906227263052359
90,0.043478260869565216,1.0,0.0,0.5,0.0,0.5597667638483963,0.770149253731343,0.9250000000000007,0.6583333333333337,0.525989138867339,0.3,0.2830188679245283,0.7142857142857142,0.4642857142857142,0.2583333333333333,0.16666666666666669,0.23684210526315785,4.2482185611900745
91,0.21739130434782608,1.0,1.0,0.5,0.0,0.20699708454810528,0.2417910447761198,0.29166666666666696,0.23333333333333384,0.2726920093095423,0.2,0.139622641509434,0.7142857142857142,0.34999999999999987,0.22499999999999998,0.3055555555555555,0.368421052631579,3.932372282147914
92,0.6956521739130435,1.0,0.0,1.0,1.0,0.08454810495626841,0.41492537313432853,0.3916666666666666,0.3166666666666669,0.49185415050426684,0.4000000000000001,0.5018867924528303,0.7142857142857142,0.8571428571428574,0.6624999999999999,0.1111111111111111,0.23684210526315785,4.512257361293964
93,0.9565217391304348,1.0,0.0,1.0,0.0,0.5160349854227406,0.711940298507463,0.5750000000000002,0.7000000000000006,0.5612878200155158,0.2,0.3018867924528302,0.7142857142857142,0.8857142857142855,0.27499999999999997,0.3055555555555555,0.3157894736842105,4.203712640607707
94,0.8260869565217391,1.0,0.0,0.5,0.0,0.3090379008746358,0.4611940298507462,0.4250000000000007,0.39166666666666705,0.25484871993793634,0.2,0.17735849056603775,0.14285714285714285,0.7714285714285716,0.14166666666666666,0.5277777777777777,0.5526315789473684,3.852845818014997
95,0.043478260869565216,1.0,0.0,0.0,0.0,0.37317784256559783,0.5298507462686568,0.5083333333333337,0.5416666666666665,0.5182311869666407,0.3,0.2830188679245283,0.7142857142857142,0.4642857142857142,0.2791666666666667,0.1388888888888889,0.1578947368421053,4.241795431295198
96,0.26086956521739135,1.0,0.0,0.5,0.0,0.20699708454810528,0.13283582089552226,0.30833333333333357,0.3999999999999999,0.1353762606671839,0.2,0.06792452830188678,0.0,0.26428571428571446,0.04999999999999999,0.6944444444444444,0.6842105263157894,3.7323133274712426
97,0.6086956521739131,1.0,0.0,1.0,0.0,0.80466472303207,0.8626865671641792,0.6750000000000007,0.9083333333333337,0.6757176105508145,0.2,0.22264150943396227,0.7142857142857142,0.6571428571428573,0.20416666666666666,0.16666666666666669,0.21052631578947367,4.0948203803548
98,0.9130434782608696,0.0,1.0,0.5,0.0,0.31195335276967917,0.4567164179104477,0.43333333333333357,0.6583333333333337,0.3223429014740109,0.2,0.1358490566037736,0.42857142857142855,0.33571428571428563,0.08333333333333331,0.6666666666666665,0.6842105263157894,3.977494969073036
99,0.6086956521739131,1.0,0.0,1.0,0.0,0.620991253644315,0.6805970149253731,0.6750000000000007,0.7416666666666667,0.6155934833204033,0.2,0.22264150943396227,0.7142857142857142,0.6571428571428573,0.20416666666666666,0.16666666666666669,0.21052631578947367,4.220892249219519
100,0.8260869565217391,1.0,0.0,0.0,0.0,0.30029154518950474,0.4850746268656714,0.4250000000000007,0.5916666666666663,0.36152055857253684,0.2,0.17735849056603775,0.14285714285714285,0.7714285714285716,0.14166666666666666,0.27777777777777773,0.3421052631578947,3.903795142741035
101,0.08695652173913043,1.0,0.0,1.0,0.0,0.425655976676385,0.5328358208955226,0.375,0.5416666666666665,0.35182311869666405,0.2,0.17735849056603775,0.7142857142857142,0.6857142857142857,0.22083333333333333,0.27777777777777773,0.3421052631578947,4.215637563435061
102,0.4347826086956522,1.0,0.0,0.5,0.0,0.3556851311953353,0.5477611940298508,0.5166666666666666,0.641666666666667,0.3576415826221877,0.2,0.23018867924528302,0.14285714285714285,0.6071428571428574,0.14999999999999997,0.3611111111111111,0.42105263157894735,4.010511962737214
103,0.6521739130434783,1.0,0.0,0.5,0.0,0.20699708454810528,0.2417910447761198,0.29166666666666696,0.24999999999999956,0.16679596586501166,0.2,0.10943396226415092,0.14285714285714285,0.30714285714285716,0.08333333333333331,0.6666666666666665,0.6578947368421053,3.746011107751926
104,0.8695652173913043,1.0,0.0,0.5,0.0,0.26530612244897966,0.26268656716417915,0.27500000000000036,0.5583333333333331,0.19278510473235067,0.2,0.11698113207547167,0.14285714285714285,0.3642857142857141,0.05833333333333329,0.6111111111111112,0.6052631578947367,3.7281913985899466
105,0.8695652173913043,1.0,0.0,1.0,0.0,0.34402332361516086,0.5238805970149252,0.44166666666666643,0.3500000000000001,0.4619860356865788,0.2,0.32075471698113206,0.7142857142857142,0.7714285714285716,0.2833333333333333,0.3055555555555555,0.368421052631579,4.049179244645967
106,0.0,1.0,0.0,1.0,0.0,0.05830903790087483,0.41343283582089585,0.31666666666666643,0.08333333333333348,0.41117145073700545,0.2,0.26037735849056604,0.7142857142857142,0.6642857142857144,0.26249999999999996,0.22222222222222215,0.2894736842105263,4.1301728888925355
107,0.9130434782608696,0.0,0.0,0.5,0.0,0.31195335276967917,0.4567164179104477,0.43333333333333357,0.6583333333333337,0.3010085337470908,0.2,0.1358490566037736,0.42857142857142855,0.33571428571428563,0.016666666666666663,0.6666666666666665,0.7894736842105263,3.9028184680822533
108,0.9130434782608696,1.0,0.0,0.5,0.0,0.31195335276967917,0.4567164179104477,0.43333333333333357,0.6583333333333337,0.2796741660201707,0.2,0.18113207547169813,0.7142857142857142,0.4642857142857142,0.15416666666666667,0.3888888888888889,0.4736842105263157,3.9017306917292185
109,0.13043478260869565,0.0,1.0,1.0,0.0,0.8454810495626819,0.9179104477611939,0.9500000000000002,0.7083333333333335,0.8851823118696664,0.3,0.460377358490566,0.42857142857142855,0.7428571428571431,0.31249999999999994,0.24999999999999994,0.23684210526315785,4.4996870826184034
110,0.9565217391304348,0.0,1.0,1.0,0.0,0.6559766763848396,0.711940298507463,0.7166666666666677,0.641666666666667,0.6706749418153608,0.4000000000000001,0.3169811320754717,0.42857142857142855,0.33571428571428563,0.24166666666666664,0.3611111111111111,0.2894736842105263,4.351603072419129
111,0.4347826086956522,1.0,0.0,0.5,0.0,0.3556851311953353,0.5477611940298508,0.5166666666666666,0.641666666666667,0.36346004654771136,0.2,0.23018867924528302,0.14285714285714285,0.6071428571428574,0.14999999999999997,0.3611111111111111,0.42105263157894735,4.050959459771651
112,0.30434782608695654,1.0,0.0,0.5,0.0,0.23032069970845503,0.22089552238805998,0.27500000000000036,0.3500000000000001,0.14972847168347558,0.2,0.10943396226415092,0.14285714285714285,0.34999999999999987,0.09166666666666667,0.6944444444444444,0.7105263157894737,3.9501944139078504
113,0.8695652173913043,1.0,0.0,1.0,0.0,0.23032069970845503,0.4119402985074627,0.30833333333333357,0.3999999999999999,0.3013964313421257,0.2,0.139622641509434,0.7142857142857142,0.5000000000000002,0.26666666666666666,0.3611111111111111,0.3421052631578947,3.9683895418470683
114,0.21739130434782608,1.0,0.0,0.5,0.0,0.4868804664723032,0.5,0.3583333333333334,0.9999999999999996,0.40612878200155156,0.2,0.23018867924528302,0.14285714285714285,0.5714285714285714,0.16666666666666663,0.3055555555555555,0.368421052631579,3.950413539369381
115,0.26086956521739135,1.0,0.0,0.5,0.0,0.2886297376093294,0.5119402985074628,0.18333333333333357,0.5249999999999999,0.34290147401086113,0.2,0.1849056603773585,0.0,0.4357142857142857,0.15833333333333333,0.3888888888888889,0.4473684210526315,4.01262635095405
116,0.6086956521739131,0.0,1.0,1.0,0.0,0.620991253644315,0.6805970149253731,0.6750000000000007,0.7416666666666667,0.6629169899146625,0.2,0.3433962264150943,0.42857142857142855,0.828571428571429,0.1958333333333333,0.4166666666666666,0.4473684210526315,4.12057393120585
117,0.6521739130434783,1.0,0.0,0.5,0.0,0.4868804664723032,0.5,0.3583333333333334,0.9999999999999996,0.40612878200155156,0.2,0.23018867924528302,0.14285714285714285,0.5785714285714285,0.16666666666666663,0.3055555555555555,0.368421052631579,3.950413539369381
118,0.21739130434782608,1.0,1.0,0.5,0.0,0.20699708454810528,0.2417910447761198,0.29166666666666696,0.24999999999999956,0.24825446082234293,0.2,0.139622641509434,0.7142857142857142,0.34999999999999987,0.22499999999999998,0.3055555555555555,0.368421052631579,3.9007493580610797
119,0.8695652173913043,1.0,0.0,0.0,0.0,0.26530612244897966,0.4268656716417909,0.27500000000000036,0.9416666666666669,0.6291698991466252,0.2,0.11698113207547167,0.14285714285714285,0.3642857142857141,0.05833333333333329,0.3888888888888889,0.42105263157894735,3.9433955765089546
120,1.0,1.0,0.0,0.5,0.0,0.23032069970845503,0.27164179104477615,0.3250000000000002,0.6499999999999999,0.29712955779674166,0.2,0.18113207547169813,0.7142857142857142,0.4642857142857142,0.175,0.3055555555555555,0.3421052631578947,4.064270752974006
121,0.5217391304347826,1.0,0.0,0.5,0.0,0.2827988338192422,0.4761194029850748,0.4250000000000007,0.1333333333333333,0.32583397982932505,0.2,0.23018867924528302,0.14285714285714285,0.5785714285714285,0.16666666666666663,0.3333333333333333,0.42105263157894735,3.9293678292400998
122,0.26086956521739135,1.0,0.0,0.5,0.0,0.2886297376093294,0.5119402985074628,0.4083333333333341,0.5249999999999999,0.31652443754848725,0.2,0.1849056603773585,0.0,0.4357142857142857,0.15833333333333333,0.3888888888888889,0.4473684210526315,3.946697837245742
123,0.8695652173913043,1.0,0.0,1.0,0.0,0.34402332361516086,0.5238805970149252,0.44166666666666643,0.4333333333333331,0.5768037238169124,0.2,0.32075471698113206,0.7142857142857142,0.7714285714285716,0.2833333333333333,0.3055555555555555,0.368421052631579,4.247211970742112
124,0.34782608695652173,1.0,0.0,1.0,0.0,0.7696793002915454,0.8731343283582089,0.7749999999999995,0.4166666666666665,1.0,0.4000000000000001,0.7433962264150944,0.7142857142857142,0.7785714285714287,0.5333333333333332,0.055555555555555525,0.07894736842105265,4.508529718971286
125,0.5652173913043479,1.0,0.0,0.5,0.0,0.23032069970845503,0.36119402985074656,0.29166666666666696,0.5583333333333331,0.17959658650116372,0.2,0.1358490566037736,0.14285714285714285,0.4357142857142857,0.08749999999999997,0.49999999999999994,0.5526315789473684,3.8632633636504807
126,0.8695652173913043,0.0,0.0,0.5,0.0,0.26530612244897966,0.37611940298507474,0.3416666666666677,0.4333333333333331,0.3052754072924748,0.2,0.1849056603773585,0.42857142857142855,0.5214285714285716,0.033333333333333326,0.5833333333333333,0.5263157894736842,3.8975171294005255
127,0.30434782608695654,1.0,0.0,1.0,0.0,0.22448979591836737,0.4417910447761191,0.125,0.4750000000000001,0.3293250581846392,0.2,0.18867924528301888,0.14285714285714285,0.55,0.125,0.3055555555555555,0.3421052631578947,3.831549851995756
128,0.8260869565217391,1.0,0.0,0.5,0.0,0.3090379008746358,0.4611940298507462,0.4250000000000007,0.39166666666666705,0.2723041117145074,0.2,0.17735849056603775,0.14285714285714285,0.7714285714285716,0.14166666666666666,0.4166666666666666,0.4473684210526315,3.890700397698875
129,0.043478260869565216,1.0,0.0,0.5,0.0,0.3848396501457727,0.5298507462686568,0.49166666666666714,0.5416666666666665,0.3293250581846392,0.2,0.18113207547169813,0.7142857142857142,0.4642857142857142,0.22499999999999998,0.3055555555555555,0.368421052631579,4.144574207609616
130,0.5652173913043479,1.0,1.0,1.0,0.0,0.13702623906705558,0.4417910447761191,0.6333333333333337,0.15833333333333366,0.6404189294026377,0.4000000000000001,0.45283018867924524,0.7142857142857142,0.6357142857142859,0.6333333333333333,0.1111111111111111,0.1842105263157895,4.294444180196873
131,0.4347826086956522,1.0,0.0,0.5,0.0,0.18950437317784274,0.38358208955223905,0.3250000000000002,0.5249999999999999,0.17726920093095422,0.2,0.1132075471698113,0.14285714285714285,0.34999999999999987,0.08333333333333331,0.49999999999999994,0.5789473684210527,3.8257505813480277
132,0.782608695652174,1.0,0.0,0.5,0.0,0.36443148688046634,0.6791044776119404,0.5166666666666666,0.6916666666666669,0.46819239720713735,0.2,0.22641509433962265,0.7142857142857142,0.7142857142857142,0.2583333333333333,0.22222222222222215,0.3157894736842105,4.085290578230065
133,0.9130434782608696,1.0,0.0,0.5,0.0,0.31195335276967917,0.4567164179104477,0.43333333333333357,0.6583333333333337,0.28083785880527545,0.2,0.18113207547169813,0.7142857142857142,0.4642857142857142,0.15416666666666667,0.3888888888888889,0.4736842105263157,3.9135489579065177
134,0.8695652173913043,1.0,0.0,0.5,0.0,0.26530612244897966,0.37611940298507474,0.3416666666666677,0.4166666666666665,0.24592707525213342,0.2,0.139622641509434,0.14285714285714285,0.4642857142857142,0.09166666666666667,0.4166666666666666,0.4736842105263157,3.922102366807607
135,1.0,1.0,0.0,0.5,0.0,0.23032069970845503,0.3671641791044773,0.30833333333333357,0.30000000000000027,0.2843289371605896,0.2,0.18113207547169813,0.7142857142857142,0.4642857142857142,0.175,0.3055555555555555,0.3421052631578947,3.999130541287371
136,0.34782608695652173,1.0,0.0,1.0,0.0,0.44897959183673475,0.7552238805970148,0.8583333333333334,0.0,0.9550038789759503,1.0000000000000002,1.0,0.7142857142857142,0.7142857142857142,0.8916666666666666,0.0,0.02631578947368418,4.556302500767287
137,0.5217391304347826,1.0,1.0,0.5,0.0,0.2827988338192422,0.4761194029850748,0.4250000000000007,0.1333333333333333,0.34212567882079126,0.2,0.1849056603773585,0.8571428571428572,0.44999999999999996,0.2833333333333333,0.27777777777777773,0.368421052631579,3.998215732370958
138,0.26086956521739135,1.0,0.0,0.5,0.0,0.20699708454810528,0.13283582089552226,0.30833333333333357,0.3999999999999999,0.18153607447633824,0.2,0.11698113207547167,0.0,0.26428571428571446,0.11666666666666664,0.47222222222222215,0.4736842105263157,3.85302861471299
139,0.043478260869565216,1.0,0.0,0.5,0.0,0.5597667638483963,0.770149253731343,0.9250000000000007,0.6583333333333337,0.5686578743211792,0.3,0.2830188679245283,0.7142857142857142,0.4642857142857142,0.2583333333333333,0.16666666666666669,0.23684210526315785,4.276921132065774
140,0.6086956521739131,0.0,1.0,1.0,0.0,0.80466472303207,0.8626865671641792,0.6750000000000007,0.9083333333333337,0.7532971295577968,0.2,0.3433962264150943,0.42857142857142855,0.828571428571429,0.1958333333333333,0.3333333333333333,0.23684210526315785,4.141763230275788
141,0.5652173913043479,1.0,0.0,0.5,0.0,0.23032069970845503,0.36119402985074656,0.29166666666666696,0.5583333333333331,0.16679596586501166,0.2,0.1358490566037736,0.14285714285714285,0.4357142857142857,0.08749999999999997,0.49999999999999994,0.5526315789473684,3.8227563329513905
142,0.5217391304347826,1.0,1.0,0.5,0.0,0.2711370262390673,0.4791044776119402,0.5,0.20000000000000062,0.5558572536850273,0.2,0.3584905660377358,0.8571428571428572,0.7499999999999998,0.4041666666666666,0.16666666666666669,0.21052631578947367,4.172281761455
143,0.8695652173913043,1.0,0.0,1.0,0.0,0.5218658892128283,0.6970149253731344,0.5166666666666666,0.5249999999999999,0.6450737005430567,0.4000000000000001,0.3773584905660377,0.7142857142857142,0.5214285714285716,0.45,0.16666666666666669,0.21052631578947367,4.19728055812562
144,0.9130434782608696,1.0,0.0,0.5,0.0,0.31195335276967917,0.4567164179104477,0.43333333333333357,0.6583333333333337,0.3052754072924748,0.2,0.18113207547169813,0.7142857142857142,0.4642857142857142,0.15416666666666667,0.3888888888888889,0.4736842105263157,3.9291633832050645
145,0.5652173913043479,1.0,0.0,0.5,0.0,0.23032069970845503,0.36119402985074656,0.29166666666666696,0.5583333333333331,0.15554693560899924,0.2,0.1358490566037736,0.14285714285714285,0.4357142857142857,0.08749999999999997,0.49999999999999994,0.5526315789473684,3.7402837196818792
146,0.043478260869565216,1.0,1.0,0.5,0.0,0.5597667638483963,0.770149253731343,0.9250000000000007,0.6750000000000003,0.6198603568657874,0.3,0.2641509433962264,0.7142857142857142,0.4214285714285715,0.38333333333333336,0.1111111111111111,0.10526315789473684,4.377943380255784
147,0.08695652173913043,1.0,0.0,1.0,0.0,0.425655976676385,0.5328358208955226,0.375,0.5416666666666665,0.495345228859581,0.4000000000000001,0.38867924528301884,0.7142857142857142,0.55,0.30416666666666664,0.22222222222222215,0.3157894736842105,4.324385356490427
148,0.4347826086956522,1.0,0.0,0.5,0.0,0.3556851311953353,0.5477611940298508,0.5166666666666666,0.4916666666666667,0.3479441427463149,0.2,0.23018867924528302,0.14285714285714285,0.6071428571428574,0.14999999999999997,0.3611111111111111,0.42105263157894735,3.946697837245742
149,0.8695652173913043,1.0,0.0,0.5,0.0,0.46064139941691007,0.5149253731343282,0.5166666666666666,0.5916666666666663,0.35919317300232734,0.2,0.23018867924528302,0.7142857142857142,0.55,0.1833333333333333,0.3888888888888889,0.42105263157894735,4.03734680356809
150,0.7391304347826086,1.0,0.0,0.5,0.0,0.27696793002915454,0.5328358208955226,0.5249999999999995,0.2250000000000001,0.3770364623739333,0.2,0.2679245283018868,0.7142857142857142,0.6571428571428573,0.175,0.27777777777777773,0.39473684210526316,3.9954157985424152
151,0.08695652173913043,1.0,0.0,1.0,0.0,0.6822157434402332,0.8343283582089551,0.8833333333333337,0.7083333333333335,0.7823894491854151,0.4000000000000001,0.558490566037736,0.7142857142857142,0.7714285714285716,0.5583333333333333,0.055555555555555525,0.10526315789473684,4.566790912381592
152,0.13043478260869565,1.0,0.0,1.0,0.0,0.29154518950437325,0.5850746268656719,0.8500000000000005,0.24999999999999956,0.8522110162916989,0.6000000000000001,0.6528301886792454,0.7142857142857142,0.6571428571428573,0.44583333333333336,0.08333333333333331,0.05263157894736842,4.54476236021663
153,0.8695652173913043,1.0,0.0,1.0,0.0,0.5218658892128283,0.6970149253731344,0.5166666666666666,0.5249999999999999,0.6373157486423584,0.4000000000000001,0.4150943396226415,0.7142857142857142,0.5214285714285716,0.45,0.19444444444444448,0.21052631578947367,4.195622943586937
154,0.782608695652174,1.0,0.0,0.5,0.0,0.36443148688046634,0.6791044776119404,0.5166666666666666,0.6916666666666669,0.47284716834755613,0.2,0.22641509433962265,0.7142857142857142,0.0,0.2583333333333333,0.22222222222222215,0.3157894736842105,4.177247836255623
155,0.8695652173913043,1.0,0.0,1.0,0.0,0.34402332361516086,0.5238805970149252,0.44166666666666643,0.3500000000000001,0.4755624515128005,0.2,0.32075471698113206,0.7142857142857142,0.7714285714285716,0.2833333333333333,0.3055555555555555,0.368421052631579,4.062544381346465
156,0.9565217391304348,1.0,1.0,1.0,0.0,0.5160349854227406,0.711940298507463,0.5750000000000002,0.7000000000000006,0.603956555469356,0.2,0.26037735849056604,0.7142857142857142,0.7714285714285716,0.47500000000000003,0.1111111111111111,0.1578947368421053,4.26528962586083
157,0.4347826086956522,0.0,0.0,0.5,0.0,0.3556851311953353,0.5477611940298508,0.5166666666666666,0.641666666666667,0.37044220325833976,0.2,0.23018867924528302,0.42857142857142855,0.6071428571428574,0.06666666666666665,0.6388888888888888,0.6842105263157894,4.033222646670249
158,0.4347826086956522,1.0,0.0,0.5,0.0,0.18950437317784274,0.38358208955223905,0.3250000000000002,0.5249999999999999,0.17920868890612873,0.2,0.1132075471698113,0.14285714285714285,0.3857142857142859,0.08333333333333331,0.49999999999999994,0.5789473684210527,3.868938178332911
159,0.6086956521739131,1.0,0.0,1.0,0.0,0.620991253644315,0.6805970149253731,0.6750000000000007,0.7416666666666667,0.5942591155934833,0.2,0.22264150943396227,0.7142857142857142,0.6571428571428573,0.20416666666666666,0.16666666666666669,0.21052631578947367,4.075546961392531
160,0.3913043478260869,1.0,0.0,0.5,0.0,0.18950437317784274,0.26865671641791034,0.3250000000000002,0.5249999999999999,0.15593483320403412,0.2,0.1132075471698113,0.14285714285714285,0.34999999999999987,0.08333333333333331,0.47222222222222215,0.39473684210526316,3.7155855518931964
161,0.9565217391304348,1.0,1.0,1.0,0.0,0.6559766763848396,0.711940298507463,0.708333333333333,0.641666666666667,0.6055081458494957,0.2,0.3018867924528302,0.7142857142857142,0.8857142857142855,0.4666666666666666,0.16666666666666669,0.23684210526315785,4.279780976996965
162,0.8695652173913043,1.0,0.0,1.0,0.0,0.34402332361516086,0.5238805970149252,0.44166666666666643,0.3500000000000001,0.4123351435221102,0.2,0.32075471698113206,0.7142857142857142,0.7714285714285716,0.2833333333333333,0.3055555555555555,0.368421052631579,3.999522013128904
163,0.4347826086956522,1.0,0.0,1.0,0.0,0.2536443148688048,0.4164179104477612,0.4500000000000002,0.1499999999999999,0.39255236617532974,0.0,0.07169811320754715,0.7142857142857142,0.5642857142857143,0.3625,0.08333333333333331,0.1842105263157895,4.194375567482212
164,0.34782608695652173,1.0,0.0,1.0,0.0,0.7696793002915454,0.8731343283582089,0.7749999999999995,0.4166666666666665,1.0,0.4000000000000001,0.7433962264150944,0.7142857142857142,0.7785714285714287,0.5333333333333332,0.055555555555555525,0.07894736842105265,4.550839605065785
165,0.5217391304347826,1.0,0.0,0.5,0.0,0.2827988338192422,0.46716417910447783,0.4250000000000007,0.3166666666666669,0.3549262994569433,0.2,0.1849056603773585,0.8571428571428572,0.44999999999999996,0.2833333333333333,0.27777777777777773,0.368421052631579,3.9675011747228415
166,0.21739130434782608,1.0,0.0,0.5,0.0,0.20699708454810528,0.2417910447761198,0.29166666666666696,0.24999999999999956,0.15050426687354534,0.2,0.10943396226415092,0.14285714285714285,0.30714285714285716,0.08333333333333331,0.6666666666666665,0.6578947368421053,3.746011107751926
167,0.4347826086956522,1.0,0.0,1.0,0.0,0.2536443148688048,0.4164179104477612,0.4500000000000002,0.1499999999999999,0.3479441427463149,0.0,0.03396226415094339,0.2857142857142857,0.5642857142857143,0.22083333333333333,0.1111111111111111,0.1842105263157895,4.134973540005915
168,0.8695652173913043,1.0,0.0,0.5,0.0,0.26530612244897966,0.37611940298507474,0.3416666666666677,0.4333333333333331,0.23506594259115587,0.2,0.139622641509434,0.14285714285714285,0.4642857142857142,0.09166666666666667,0.6944444444444444,0.8157894736842104,3.8886287253852263
169,0.9565217391304348,1.0,0.0,1.0,0.0,0.5160349854227406,0.711940298507463,0.5750000000000002,0.8083333333333331,0.6027928626842514,0.2,0.3018867924528302,0.7142857142857142,0.8857142857142855,0.27499999999999997,0.3055555555555555,0.3157894736842105,4.217878578027433
170,0.6956521739130435,1.0,0.0,1.0,0.0,0.34402332361516086,0.5164179104477609,1.0,0.2250000000000001,0.7284716834755625,0.6000000000000001,0.5358490566037737,0.7142857142857142,1.0000000000000002,1.0,0.1111111111111111,0.3157894736842105,4.4969365635353835
171,0.26086956521739135,1.0,0.0,0.5,0.0,0.2886297376093294,0.39402985074626873,0.4083333333333341,0.4583333333333335,0.29014740108611325,0.2,0.1849056603773585,0.0,0.4357142857142857,0.15833333333333333,0.3888888888888889,0.4473684210526315,3.897352134344313
172,0.8695652173913043,1.0,0.0,0.5,0.0,0.26530612244897966,0.37611940298507474,0.3416666666666677,0.4166666666666665,0.24088440651667964,0.2,0.139622641509434,0.14285714285714285,0.4642857142857142,0.09166666666666667,0.47222222222222215,0.5526315789473684,3.857211842316892
173,0.9130434782608696,1.0,0.0,0.5,0.0,0.40233236151603524,0.6268656716417911,0.5500000000000007,0.6083333333333338,0.4169899146625291,0.2,0.18113207547169813,0.7142857142857142,0.4642857142857142,0.16666666666666663,0.3333333333333333,0.39473684210526316,4.089551882886454
174,0.0,1.0,0.0,1.0,0.0,0.05830903790087483,0.41343283582089585,0.31666666666666643,0.08333333333333348,0.41117145073700545,0.2,0.26037735849056604,0.7142857142857142,0.6642857142857144,0.26249999999999996,0.22222222222222215,0.2894736842105263,4.217483944213907
175,0.4347826086956522,1.0,0.0,0.5,0.0,0.18950437317784274,0.26865671641791034,0.3250000000000002,0.5249999999999999,0.16175329712955777,0.2,0.1132075471698113,0.14285714285714285,0.34999999999999987,0.08333333333333331,0.49999999999999994,0.5789473684210527,3.832189461068513
176,0.8260869565217391,1.0,1.0,0.0,0.0,0.30029154518950474,0.4850746268656714,0.4250000000000007,0.5916666666666663,0.4507370054305664,0.2,0.17735849056603775,0.7142857142857142,0.7714285714285716,0.26249999999999996,0.27777777777777773,0.1842105263157895,4.067963089501265
177,0.7391304347826086,1.0,0.0,0.5,0.0,0.27696793002915454,0.6029850746268659,0.5166666666666666,0.6166666666666667,0.42319627618308764,0.2,0.2679245283018868,0.7142857142857142,0.6571428571428573,0.175,0.27777777777777773,0.39473684210526316,3.9682493941079175
178,0.8695652173913043,1.0,0.0,0.5,0.0,0.26530612244897966,0.26268656716417915,0.27500000000000036,0.5583333333333331,0.21411947245927077,0.2,0.11698113207547167,0.14285714285714285,0.3642857142857141,0.05833333333333329,0.49999999999999994,0.5789473684210527,3.801952234854282
179,0.5652173913043479,1.0,0.0,0.5,0.0,0.40233236151603524,0.6492537313432836,0.5166666666666666,0.6083333333333338,0.6097750193948797,0.4000000000000001,0.45283018867924524,0.7142857142857142,0.6357142857142859,0.4333333333333333,0.16666666666666669,0.23684210526315785,4.130301597341845
180,0.5652173913043479,1.0,0.0,0.5,0.0,0.3090379008746358,0.482089552238806,0.4083333333333341,0.5750000000000006,0.3242823894491854,0.2,0.22264150943396227,0.14285714285714285,0.5642857142857143,0.20416666666666666,0.3888888888888889,0.4736842105263157,3.951774508081725
181,0.6086956521739131,0.0,1.0,1.0,0.0,0.620991253644315,0.6805970149253731,0.6750000000000007,0.7416666666666667,0.6842513576415825,0.2,0.3433962264150943,0.42857142857142855,0.828571428571429,0.1958333333333333,0.4166666666666666,0.4473684210526315,4.254064452914338
182,0.5217391304347826,1.0,1.0,0.5,0.0,0.2827988338192422,0.46716417910447783,0.4250000000000007,0.3166666666666669,0.3549262994569433,0.2,0.1849056603773585,0.8571428571428572,0.44999999999999996,0.2833333333333333,0.27777777777777773,0.368421052631579,3.9675011747228415
183,0.13043478260869565,1.0,0.0,1.0,0.0,0.740524781341108,0.8671641791044773,0.9750000000000005,0.6333333333333333,0.8638479441427462,0.6000000000000001,0.9169811320754717,0.7142857142857142,0.9000000000000001,0.5666666666666667,0.027777777777777735,0.0,4.657055852857104
184,0.6521739130434783,1.0,0.0,0.5,0.0,0.20699708454810528,0.39104477611940336,0.29166666666666696,0.24999999999999956,0.1943366951124903,0.2,0.10943396226415092,0.14285714285714285,0.30714285714285716,0.08333333333333331,0.49999999999999994,0.5789473684210527,3.825555932290357
185,0.9565217391304348,1.0,1.0,1.0,0.0,0.6559766763848396,0.711940298507463,0.7166666666666677,0.641666666666667,0.6105508145849496,0.2,0.3018867924528302,0.7142857142857142,0.8857142857142855,0.27499999999999997,0.16666666666666669,0.23684210526315785,4.354588587877241
186,0.17391304347826086,1.0,0.0,0.5,0.0,0.23032069970845503,0.2641791044776123,0.27500000000000036,0.3500000000000001,0.1633048875096974,0.2,0.10943396226415092,0.14285714285714285,0.34999999999999987,0.09166666666666667,0.6944444444444444,0.7105263157894737,3.8178957571617955
187,0.9130434782608696,1.0,0.0,0.5,0.0,0.31195335276967917,0.4567164179104477,0.43333333333333357,0.6583333333333337,0.3149728471683475,0.2,0.18113207547169813,0.7142857142857142,0.4642857142857142,0.21666666666666667,0.3611111111111111,0.42105263157894735,3.999782798454136
188,0.13043478260869565,1.0,0.0,1.0,0.0,0.8454810495626819,0.9179104477611939,0.9500000000000002,0.7250000000000001,0.8735453840186191,0.6000000000000001,0.6528301886792454,0.7142857142857142,0.6571428571428573,0.44583333333333336,0.08333333333333331,0.05263157894736842,4.53382287980914
189,0.5652173913043479,1.0,0.0,1.0,0.0,0.3673469387755106,0.5582089552238805,0.6333333333333337,0.15833333333333366,0.6404189294026377,0.4000000000000001,0.45283018867924524,0.7142857142857142,0.6357142857142859,0.4666666666666666,0.16666666666666669,0.23684210526315785,4.264794219407156
190,0.08695652173913043,1.0,0.0,1.0,0.0,0.49271137026239087,0.7149253731343284,0.5500000000000007,0.6583333333333337,0.6078355314197053,0.4000000000000001,0.38867924528301884,0.7142857142857142,0.55,0.30416666666666664,0.19444444444444448,0.23684210526315785,4.39031676847084
191,0.5652173913043479,1.0,0.0,0.5,0.0,0.23032069970845503,0.36119402985074656,0.29166666666666696,0.5583333333333331,0.17455391776570983,0.2,0.1358490566037736,0.14285714285714285,0.4357142857142857,0.08749999999999997,0.49999999999999994,0.5526315789473684,3.8356271662098975
192,0.8695652173913043,1.0,0.0,1.0,0.0,0.47521865889212833,0.6328358208955223,0.6166666666666671,0.3500000000000001,0.5927075252133436,0.4000000000000001,0.4150943396226415,0.7142857142857142,0.5214285714285716,0.47083333333333327,0.16666666666666669,0.21052631578947367,4.204065692452478
193,0.5652173913043479,1.0,0.0,0.5,0.0,0.40233236151603524,0.6492537313432836,0.5166666666666666,0.6916666666666669,0.7013188518231186,0.4000000000000001,0.45283018867924524,0.7142857142857142,0.6357142857142859,0.4333333333333333,0.1111111111111111,0.1578947368421053,4.158332331708981
